Batch Number,Record,Success,Error
1,"{""Name"": ""Colombiere Jesuit Community, Portland (SJ)"", ""RecordTypeId"": ""012Ps000002fU2gIAE"", ""mbfc__Religious_Type__c"": ""Local Community"", ""BillingStreet"": ""3220 SE 43rd Ave"", ""BillingCity"": ""Portland"", ""BillingState"": ""OR"", ""BillingPostalCode"": ""97206"", ""BillingCountry"": null, ""Phone"": ""503-595-1941"", ""Fax"": null, ""mbfc__Email__c"": null, ""Website"": ""https://www.jesuitswest.org/"", ""mbfc__Abbreviation__c"": ""Jesuits"", ""mbfc__Religious_Suffix__c"": ""SJ"", ""mbfc__Type_Members__c"": ""Men"", ""Description"": ""Manager: Fr. Paul Cochran, SJ"", ""Job_Id__c"": 157, ""ParentId"": ""001Ps00000l5LiIIAU"", ""Archdpdx_Migration_Id__c"": ""RelCommunities_1""}",True,
1,"{""Name"": ""Our Lady of Guadalupe Trappist Abbey, Carlton (OCSO)"", ""RecordTypeId"": ""012Ps000002fU2gIAE"", ""mbfc__Religious_Type__c"": ""Local Community"", ""BillingStreet"": ""Our Lady of Guadalupe Trappist Abbey\n9200 NE Abbey Rd"", ""BillingCity"": ""Carlton"", ""BillingState"": ""OR"", ""BillingPostalCode"": ""97111"", ""BillingCountry"": null, ""Phone"": ""503-852-7174"", ""Fax"": ""503-852-7748"", ""mbfc__Email__c"": ""community@trappistabbey.org"", ""Website"": ""http://www.trappistabbey.org/"", ""mbfc__Abbreviation__c"": ""Trappists"", ""mbfc__Religious_Suffix__c"": ""OCSO"", ""mbfc__Type_Members__c"": ""Men"", ""Description"": ""The cloistered monastic cistercian community serves the Abbey of Our Lady of Guadalupe, which includes a retreat house, wine warehouse, and fruitcake bakery."", ""Job_Id__c"": 157, ""ParentId"": ""001Ps00000l5LiJIAU"", ""Archdpdx_Migration_Id__c"": ""RelCommunities_2""}",True,
1,"{""Name"": ""JCCU Jesuit Tertianship, Portland (SJ)"", ""RecordTypeId"": ""012Ps000002fU2gIAE"", ""mbfc__Religious_Type__c"": ""Local Community"", ""BillingStreet"": ""3301 SE 45th Ave"", ""BillingCity"": ""Portland"", ""BillingState"": ""OR"", ""BillingPostalCode"": ""97206"", ""BillingCountry"": null, ""Phone"": null, ""Fax"": null, ""mbfc__Email__c"": ""jctertianship@jesuits.org"", ""Website"": null, ""mbfc__Abbreviation__c"": ""Jesuits"", ""mbfc__Religious_Suffix__c"": ""SJ"", ""mbfc__Type_Members__c"": ""Men"", ""Description"": null, ""Job_Id__c"": 157, ""ParentId"": ""001Ps00000l5LiIIAU"", ""Archdpdx_Migration_Id__c"": ""RelCommunities_3""}",True,
1,"{""Name"": ""Benedictine Monks of Mount Angel Abbey, Saint Benedict (OSB)"", ""RecordTypeId"": ""012Ps000002fU2gIAE"", ""mbfc__Religious_Type__c"": ""Local Community"", ""BillingStreet"": ""1 Abbey Dr"", ""BillingCity"": ""Saint Benedict"", ""BillingState"": ""OR"", ""BillingPostalCode"": ""97373"", ""BillingCountry"": null, ""Phone"": ""503-845-3030"", ""Fax"": null, ""mbfc__Email__c"": ""info@mtangelabbey.edu"", ""Website"": ""https://www.mountangelabbey.org/"", ""mbfc__Abbreviation__c"": ""Benedictines"", ""mbfc__Religious_Suffix__c"": ""OSB"", ""mbfc__Type_Members__c"": ""Men"", ""Description"": ""Serving Mount Angel Towers, Providence Benedectine Nursing Center, Queen of Angels Monastery, St. Mary Parish in Mount Angel, and Crooked Finger Mission in Scotts Mills"", ""Job_Id__c"": 157, ""ParentId"": ""001Ps00000l5LiKIAU"", ""Archdpdx_Migration_Id__c"": ""RelCommunities_4""}",True,
1,"{""Name"": ""Missionaries of the Holy Spirit Provincial House, Milwaukie (MSpS)"", ""RecordTypeId"": ""012Ps000002fU2gIAE"", ""mbfc__Religious_Type__c"": ""Local Community"", ""BillingStreet"": ""PO Box 22387"", ""BillingCity"": ""Milwaukie"", ""BillingState"": ""OR"", ""BillingPostalCode"": ""97269"", ""BillingCountry"": null, ""Phone"": ""503-324-2492"", ""Fax"": ""503-324-2493"", ""mbfc__Email__c"": null, ""Website"": ""www.mspscpp.org"", ""mbfc__Abbreviation__c"": ""Missionaries of the Holy Spirit, Christ the Priest"", ""mbfc__Religious_Suffix__c"": ""MSpS"", ""mbfc__Type_Members__c"": ""Men"", ""Description"": null, ""Job_Id__c"": 157, ""ParentId"": ""001Ps00000l5LiLIAU"", ""Archdpdx_Migration_Id__c"": ""RelCommunities_8""}",True,
1,"{""Name"": ""Apostles of Jesus, Beaverton (AJ)"", ""RecordTypeId"": ""012Ps000002fU2gIAE"", ""mbfc__Religious_Type__c"": ""Local Community"", ""BillingStreet"": ""4615 SW 148th Ave"", ""BillingCity"": ""Beaverton"", ""BillingState"": ""OR"", ""BillingPostalCode"": ""97078"", ""BillingCountry"": null, ""Phone"": ""503-544-6677"", ""Fax"": null, ""mbfc__Email__c"": null, ""Website"": ""https://www.apostlesofjesusmissionaries.com/usa-region/"", ""mbfc__Abbreviation__c"": ""Apostles of Jesus"", ""mbfc__Religious_Suffix__c"": ""AJ"", ""mbfc__Type_Members__c"": ""Men"", ""Description"": ""Serving Providence St. Vincent Medical Center and Providence Portland Medical Center, Portland; St. Mary, Star of the Sea Parish, Astoria; St. Mary by the Sea Parish, Rockaway; St. Luke Parish, Woodburn; St. Joseph Parish, Salem."", ""Job_Id__c"": 157, ""ParentId"": ""001Ps00000l5LiMIAU"", ""Archdpdx_Migration_Id__c"": ""RelCommunities_9""}",True,
1,"{""Name"": ""Franciscan Sisters of the Eucharist, Bridal Veil (FSE)"", ""RecordTypeId"": ""012Ps000002fU2gIAE"", ""mbfc__Religious_Type__c"": ""Local Community"", ""BillingStreet"": ""Franciscan Sisters of the Eucharist\nPO Box 23"", ""BillingCity"": ""Bridal Veil"", ""BillingState"": ""OR"", ""BillingPostalCode"": ""97010"", ""BillingCountry"": null, ""Phone"": ""503-695-2375"", ""Fax"": ""503-695-2368"", ""mbfc__Email__c"": ""bridalveil@fsecommunity.org"", ""Website"": ""https://fsecommunity.org/"", ""mbfc__Abbreviation__c"": ""Franciscan Sisters of the Eucharist"", ""mbfc__Religious_Suffix__c"": ""FSE"", ""mbfc__Type_Members__c"": ""Women"", ""Description"": ""Serving Franciscan Montessori Earth School and the Archdiocese of Portland"", ""Job_Id__c"": 157, ""ParentId"": ""001Ps00000l5LiNIAU"", ""Archdpdx_Migration_Id__c"": ""RelCommunities_10""}",True,
1,"{""Name"": ""Apostolic Life Community, Portland (ALCP)"", ""RecordTypeId"": ""012Ps000002fU2gIAE"", ""mbfc__Religious_Type__c"": ""Local Community"", ""BillingStreet"": ""175 S 13th St"", ""BillingCity"": ""Saint Helens"", ""BillingState"": ""OR"", ""BillingPostalCode"": ""97051"", ""BillingCountry"": null, ""Phone"": ""503-397-0148 x203"", ""Fax"": null, ""mbfc__Email__c"": ""nmarandu@archdpdx.org"", ""Website"": null, ""mbfc__Abbreviation__c"": ""Holy Spirit Fathers"", ""mbfc__Religious_Suffix__c"": ""ALCP"", ""mbfc__Type_Members__c"": ""Men"", ""Description"": ""Serving Immaculate Heart Parish, Portland; St. Frederic Parish, St. Helens; Our Lady of Victory Parish, Seaside; St. Boniface Parish, Sublimity; and St. Peter the Fisherman Mission, Arch Cape."", ""Job_Id__c"": 157, ""ParentId"": ""001Ps00000l5LiOIAU"", ""Archdpdx_Migration_Id__c"": ""RelCommunities_11""}",True,
1,"{""Name"": ""Blessed Stephen Bellesini Community, San Diego, CA (OSA)"", ""RecordTypeId"": ""012Ps000002fU2gIAE"", ""mbfc__Religious_Type__c"": ""Local Community"", ""BillingStreet"": ""c/o Chancellor\n3180 University Ave Ste 255"", ""BillingCity"": ""San Diego"", ""BillingState"": ""CA"", ""BillingPostalCode"": ""92104"", ""BillingCountry"": null, ""Phone"": ""619-235-0247"", ""Fax"": null, ""mbfc__Email__c"": null, ""Website"": ""https://www.californiaaugustinians.org/"", ""mbfc__Abbreviation__c"": ""Augustinians"", ""mbfc__Religious_Suffix__c"": ""OSA"", ""mbfc__Type_Members__c"": ""Men"", ""Description"": ""Serving Providence Medford Medical Center as Chaplain"", ""Job_Id__c"": 157, ""ParentId"": ""001Ps00000l5LiPIAU"", ""Archdpdx_Migration_Id__c"": ""RelCommunities_12""}",True,
1,"{""Name"": ""Canisius Jesuit Community at Jesuit High School, Beaverton (SJ)"", ""RecordTypeId"": ""012Ps000002fU2gIAE"", ""mbfc__Religious_Type__c"": ""Local Community"", ""BillingStreet"": ""Canisius Jesuit Community\n9000 SW Beaverton Hillsdale Hwy"", ""BillingCity"": ""Portland"", ""BillingState"": ""OR"", ""BillingPostalCode"": ""97225"", ""BillingCountry"": null, ""Phone"": ""503-716-6522"", ""Fax"": null, ""mbfc__Email__c"": null, ""Website"": null, ""mbfc__Abbreviation__c"": ""Jesuits"", ""mbfc__Religious_Suffix__c"": ""SJ"", ""mbfc__Type_Members__c"": ""Men"", ""Description"": ""Serving Jesuit High School and Providence Medical Center, Portland."", ""Job_Id__c"": 157, ""ParentId"": ""001Ps00000l5LiIIAU"", ""Archdpdx_Migration_Id__c"": ""RelCommunities_13""}",True,
1,"{""Name"": ""F\u00e9lix Rougier House of Studies, Mount Angel (MSpS)"", ""RecordTypeId"": ""012Ps000002fU2gIAE"", ""mbfc__Religious_Type__c"": ""Local Community"", ""BillingStreet"": ""PO Box 499"", ""BillingCity"": ""Saint Benedict"", ""BillingState"": ""OR"", ""BillingPostalCode"": ""97373"", ""BillingCountry"": null, ""Phone"": ""503-845-1181"", ""Fax"": null, ""mbfc__Email__c"": ""rougierhos@gmail.com"", ""Website"": ""https://hos.mspsusa.org/home"", ""mbfc__Abbreviation__c"": ""Missionaries of the Holy Spirit"", ""mbfc__Religious_Suffix__c"": ""MSpS"", ""mbfc__Type_Members__c"": ""Men"", ""Description"": null, ""Job_Id__c"": 157, ""ParentId"": ""001Ps00000l5LiLIAU"", ""Archdpdx_Migration_Id__c"": ""RelCommunities_14""}",True,
1,"{""Name"": ""Brotherhood of the People of Praise, Portland"", ""RecordTypeId"": ""012Ps000002fU2gIAE"", ""mbfc__Religious_Type__c"": ""Local Community"", ""BillingStreet"": ""7709 N Denver Ave"", ""BillingCity"": ""Portland"", ""BillingState"": ""OR"", ""BillingPostalCode"": ""97217"", ""BillingCountry"": null, ""Phone"": ""503-230-9999"", ""Fax"": null, ""mbfc__Email__c"": null, ""Website"": null, ""mbfc__Abbreviation__c"": ""Brotherhood of the People of Praise"", ""mbfc__Religious_Suffix__c"": null, ""mbfc__Type_Members__c"": ""Men"", ""Description"": ""A religious community of celibate men, lay and clergy, within People of Praise Christian community, with houses in St. Paul, MN and Portland, OR."", ""Job_Id__c"": 157, ""ParentId"": ""001Ps00000l5LiQIAU"", ""Archdpdx_Migration_Id__c"": ""RelCommunities_16""}",True,
1,"{""Name"": ""Carmelite House of Studies, Mount Angel (OCD)"", ""RecordTypeId"": ""012Ps000002fU2gIAE"", ""mbfc__Religious_Type__c"": ""Local Community"", ""BillingStreet"": ""300 Humpert Ln NE"", ""BillingCity"": ""Mount Angel"", ""BillingState"": ""OR"", ""BillingPostalCode"": ""97362"", ""BillingCountry"": null, ""Phone"": ""503-902-1120"", ""Fax"": null, ""mbfc__Email__c"": null, ""Website"": ""https://admin.discalcedcarmelitefriars.com/communities/studies.php"", ""mbfc__Abbreviation__c"": ""Discalced Carmelite Friars"", ""mbfc__Religious_Suffix__c"": ""OCD"", ""mbfc__Type_Members__c"": ""Men"", ""Description"": null, ""Job_Id__c"": 157, ""ParentId"": ""001Ps00000l5LiRIAU"", ""Archdpdx_Migration_Id__c"": ""RelCommunities_17""}",True,
1,"{""Name"": ""Holy Rosary Priory, Portland (OP)"", ""RecordTypeId"": ""012Ps000002fU2gIAE"", ""mbfc__Religious_Type__c"": ""Local Community"", ""BillingStreet"": ""Holy Rosary Priory\n375 NE Clackamas St"", ""BillingCity"": ""Portland"", ""BillingState"": ""OR"", ""BillingPostalCode"": ""97232"", ""BillingCountry"": null, ""Phone"": ""503-235-3163"", ""Fax"": ""503-235-3164"", ""mbfc__Email__c"": ""office@holyrosarypdx.org"", ""Website"": ""holyrosarypdx.org"", ""mbfc__Abbreviation__c"": ""Dominicans"", ""mbfc__Religious_Suffix__c"": ""OP"", ""mbfc__Type_Members__c"": ""Men"", ""Description"": ""Serving Holy Rosary and the Rosary Confraternity"", ""Job_Id__c"": 157, ""ParentId"": ""001Ps00000l5LiSIAU"", ""Archdpdx_Migration_Id__c"": ""RelCommunities_18""}",True,
1,"{""Name"": ""Society of Domus Dei Holy House Monasteries, Washougal, WA (SDD)"", ""RecordTypeId"": ""012Ps000002fU2gIAE"", ""mbfc__Religious_Type__c"": ""Local Community"", ""BillingStreet"": ""462 Hudson Rd"", ""BillingCity"": ""Washougal"", ""BillingState"": ""WA"", ""BillingPostalCode"": ""98671"", ""BillingCountry"": null, ""Phone"": ""360-835-5358"", ""Fax"": null, ""mbfc__Email__c"": null, ""Website"": ""http://nhachua.net/"", ""mbfc__Abbreviation__c"": ""Domus Dei"", ""mbfc__Religious_Suffix__c"": ""SDD"", ""mbfc__Type_Members__c"": ""Men"", ""Description"": ""Serving Our Lady of Lavang Parish; Southeast Asia Vicariate in Portland; and Vietnamese Catholic communities in Beaverton, Tigard and Salem"", ""Job_Id__c"": 157, ""ParentId"": ""001Ps00000l5LiTIAU"", ""Archdpdx_Migration_Id__c"": ""RelCommunities_21""}",True,
1,"{""Name"": ""Franciscan Friars, Oakland (OFM)"", ""RecordTypeId"": ""012Ps000002fU2gIAE"", ""mbfc__Religious_Type__c"": ""Local Community"", ""BillingStreet"": ""Provincial Office\n1500 34th Ave"", ""BillingCity"": ""Oakland"", ""BillingState"": ""CA"", ""BillingPostalCode"": ""94601"", ""BillingCountry"": null, ""Phone"": ""510-536-3722"", ""Fax"": null, ""mbfc__Email__c"": ""info@sbofm.org"", ""Website"": ""sbfranciscans.org"", ""mbfc__Abbreviation__c"": ""Franciscans"", ""mbfc__Religious_Suffix__c"": ""OFM"", ""mbfc__Type_Members__c"": ""Men"", ""Description"": ""Serving St. John the Baptist Parish, Milwaukie; Providence Hospital, Seaside"", ""Job_Id__c"": 157, ""ParentId"": ""001Ps00000l5LiUIAU"", ""Archdpdx_Migration_Id__c"": ""RelCommunities_22""}",True,
1,"{""Name"": ""Congregation of Holy Cross, Portland (CSC)"", ""RecordTypeId"": ""012Ps000002fU2gIAE"", ""mbfc__Religious_Type__c"": ""Local Community"", ""BillingStreet"": ""5410 N Strong St"", ""BillingCity"": ""Portland"", ""BillingState"": ""OR"", ""BillingPostalCode"": ""97203"", ""BillingCountry"": null, ""Phone"": ""503-943-8024"", ""Fax"": ""503-943-7313"", ""mbfc__Email__c"": ""holycrossoffice@up.edu"", ""Website"": ""https://www.holycrossusa.org/"", ""mbfc__Abbreviation__c"": ""Holy Cross"", ""mbfc__Religious_Suffix__c"": ""CSC"", ""mbfc__Type_Members__c"": ""Men"", ""Description"": ""Serving the University of Portland; Holy Redeemer Parish, Portland; and St. Andr\u00e9 Bessette Parish, Portland"", ""Job_Id__c"": 157, ""ParentId"": ""001Ps00000l5LiVIAU"", ""Archdpdx_Migration_Id__c"": ""RelCommunities_23""}",True,
1,"{""Name"": ""Saint John Society, Corvallis (SSJ)"", ""RecordTypeId"": ""012Ps000002fU2gIAE"", ""mbfc__Religious_Type__c"": ""Local Community"", ""BillingStreet"": ""PO Box 1004"", ""BillingCity"": ""Corvallis"", ""BillingState"": ""OR"", ""BillingPostalCode"": ""97339"", ""BillingCountry"": null, ""Phone"": ""541-760-3498"", ""Fax"": null, ""mbfc__Email__c"": ""stjohnsociety@socsj.org"", ""Website"": ""https://www.socsj.org/"", ""mbfc__Abbreviation__c"": ""Saint John Society"", ""mbfc__Religious_Suffix__c"": ""SSJ"", ""mbfc__Type_Members__c"": ""Men"", ""Description"": ""A society of Apostolic Life with other residences in Argentina, Uruguay and Italy, serving at St. Mary Parish and Oregon State University Newman Center, Corvallis; St. Michael Parish and Portland State University Newman Center, Portland."", ""Job_Id__c"": 157, ""ParentId"": ""001Ps00000l5LiWIAU"", ""Archdpdx_Migration_Id__c"": ""RelCommunities_26""}",True,
1,"{""Name"": ""Servite Friars, Portland (OSM)"", ""RecordTypeId"": ""012Ps000002fU2gIAE"", ""mbfc__Religious_Type__c"": ""Local Community"", ""BillingStreet"": ""Monastery of Our Sorrowful Mother\nPO Box 20008"", ""BillingCity"": ""Portland"", ""BillingState"": ""OR"", ""BillingPostalCode"": ""97294"", ""BillingCountry"": null, ""Phone"": ""971-383-1007"", ""Fax"": null, ""mbfc__Email__c"": null, ""Website"": ""https://servite.org/"", ""mbfc__Abbreviation__c"": ""Servites"", ""mbfc__Religious_Suffix__c"": ""OSM"", ""mbfc__Type_Members__c"": ""Men"", ""Description"": ""Serving at The Grotto, Portland www.thegrotto.org"", ""Job_Id__c"": 157, ""ParentId"": ""001Ps00000l5LiXIAU"", ""Archdpdx_Migration_Id__c"": ""RelCommunities_27""}",True,
1,"{""Name"": ""Adorers of the Holy Cross, Portland (MTG)"", ""RecordTypeId"": ""012Ps000002fU2gIAE"", ""mbfc__Religious_Type__c"": ""Local Community"", ""BillingStreet"": ""7408 SE Alder St"", ""BillingCity"": ""Portland"", ""BillingState"": ""OR"", ""BillingPostalCode"": ""97215"", ""BillingCountry"": null, ""Phone"": ""503-254-3284"", ""Fax"": ""503-255-3097"", ""mbfc__Email__c"": ""mtgdlhn@yahoo.com"", ""Website"": ""http://menthanhgiadalat.net/"", ""mbfc__Abbreviation__c"": ""Adorers of the Holy Cross"", ""mbfc__Religious_Suffix__c"": ""MTG"", ""mbfc__Type_Members__c"": ""Women"", ""Description"": ""Serving Our Lady of Lavang Parish, Portland; Ascension Parish, Portland; the Archdiocesan Pastoral Center, Portland; Immigrant and Refugee Community Organization, Portland; St. Stephen Parish, Portland; St. Joseph Parish, Salem; St. Anthony Parish, Tigard"", ""Job_Id__c"": 157, ""ParentId"": ""001Ps00000l5LiYIAU"", ""Archdpdx_Migration_Id__c"": ""RelCommunities_29""}",True,
1,"{""Name"": ""Adrian Dominican Sisters, Adrian, MI (OP)"", ""RecordTypeId"": ""012Ps000002fU2gIAE"", ""mbfc__Religious_Type__c"": ""Local Community"", ""BillingStreet"": ""1257 East Siena Heights Drive"", ""BillingCity"": ""Adrian"", ""BillingState"": ""MI"", ""BillingPostalCode"": ""49221"", ""BillingCountry"": null, ""Phone"": ""517-266-3400"", ""Fax"": null, ""mbfc__Email__c"": ""jfinfera@adriandominicans.org"", ""Website"": ""http://adriandominicans.org/"", ""mbfc__Abbreviation__c"": ""Dominicans"", ""mbfc__Religious_Suffix__c"": ""OP"", ""mbfc__Type_Members__c"": ""Women"", ""Description"": null, ""Job_Id__c"": 157, ""ParentId"": ""001Ps00000l5LiZIAU"", ""Archdpdx_Migration_Id__c"": ""RelCommunities_30""}",True,
1,"{""Name"": ""Benedictine Sisters of Mount Angel, Mount Angel (OSB)"", ""RecordTypeId"": ""012Ps000002fU2gIAE"", ""mbfc__Religious_Type__c"": ""Local Community"", ""BillingStreet"": ""Queen of Angels Monastery\n840 S Main St"", ""BillingCity"": ""Mount Angel"", ""BillingState"": ""OR"", ""BillingPostalCode"": ""97362"", ""BillingCountry"": null, ""Phone"": ""503-845-6141"", ""Fax"": ""503-845-6585"", ""mbfc__Email__c"": ""info@benedictine-srs.org"", ""Website"": ""https://www.benedictine-srs.org/"", ""mbfc__Abbreviation__c"": ""Benedictine Sisters of Mount Angel"", ""mbfc__Religious_Suffix__c"": ""OSB"", ""mbfc__Type_Members__c"": ""Women"", ""Description"": ""Serving St. Joseph Shelter/Mission Benedict, Mount Angel; Mount Angel Seminary, Saint Benedict"", ""Job_Id__c"": 157, ""ParentId"": ""001Ps00000l5LiKIAU"", ""Archdpdx_Migration_Id__c"": ""RelCommunities_31""}",True,
1,"{""Name"": ""Carmelite Sisters, Discalced, Eugene (OCD)"", ""RecordTypeId"": ""012Ps000002fU2gIAE"", ""mbfc__Religious_Type__c"": ""Local Community"", ""BillingStreet"": ""Carmel of Maria Regina, Monastery and Novitiate\n87609 Green Hill Rd"", ""BillingCity"": ""Eugene"", ""BillingState"": ""OR"", ""BillingPostalCode"": ""97402"", ""BillingCountry"": null, ""Phone"": ""541-345-8649"", ""Fax"": ""541-345-4857"", ""mbfc__Email__c"": ""carmeleugene@gmail.com"", ""Website"": ""https://carmelitesinoregon.org/"", ""mbfc__Abbreviation__c"": ""Discalced Carmelite Nuns"", ""mbfc__Religious_Suffix__c"": ""OCD"", ""mbfc__Type_Members__c"": ""Women"", ""Description"": ""The Carmel of Maria Regina is a cloistered community founded in 1957 in Eugene, Oregon. Prayer is the center and purpose of their life. The structure of their life supports this through enclosure, solitude, self-denial, community and simplicity of life."", ""Job_Id__c"": 157, ""ParentId"": ""001Ps00000l5LiRIAU"", ""Archdpdx_Migration_Id__c"": ""RelCommunities_32""}",True,
1,"{""Name"": ""Oblates of St. Martha, Portland (OSM)"", ""RecordTypeId"": ""012Ps000002fU2gIAE"", ""mbfc__Religious_Type__c"": ""Local Community"", ""BillingStreet"": ""National Sanctuary of Our Sorrowful Mother (The Grotto)\nPO Box 20008"", ""BillingCity"": ""Portland"", ""BillingState"": ""OR"", ""BillingPostalCode"": ""97294"", ""BillingCountry"": null, ""Phone"": ""503-261-2423"", ""Fax"": null, ""mbfc__Email__c"": null, ""Website"": null, ""mbfc__Abbreviation__c"": ""Servites"", ""mbfc__Religious_Suffix__c"": ""OSM"", ""mbfc__Type_Members__c"": ""Women"", ""Description"": null, ""Job_Id__c"": 157, ""ParentId"": ""001Ps00000l5LiaIAE"", ""Archdpdx_Migration_Id__c"": ""RelCommunities_33""}",True,
1,"{""Name"": ""Sisters of St. Dominic of Caldwell, Caldwell, NJ (OP)"", ""RecordTypeId"": ""012Ps000002fU2gIAE"", ""mbfc__Religious_Type__c"": ""Local Community"", ""BillingStreet"": ""1 Ryerson Avenue"", ""BillingCity"": ""Caldwell"", ""BillingState"": ""NJ"", ""BillingPostalCode"": ""7006"", ""BillingCountry"": null, ""Phone"": ""973-403-3331"", ""Fax"": ""973-228-9611"", ""mbfc__Email__c"": ""dempsey@up.edu"", ""Website"": ""https://caldwellop.org/"", ""mbfc__Abbreviation__c"": ""Sisters of St. Dominic"", ""mbfc__Religious_Suffix__c"": ""OP"", ""mbfc__Type_Members__c"": ""Women"", ""Description"": ""Serving the University of Portland"", ""Job_Id__c"": 157, ""ParentId"": ""001Ps00000l5LibIAE"", ""Archdpdx_Migration_Id__c"": ""RelCommunities_34""}",True,
1,"{""Name"": ""Sisters of Our Lady of Sorrows, Beaverton (OSF)"", ""RecordTypeId"": ""012Ps000002fU2gIAE"", ""mbfc__Religious_Type__c"": ""Local Community"", ""BillingStreet"": ""3600 SW 170th Ave"", ""BillingCity"": ""Beaverton"", ""BillingState"": ""OR"", ""BillingPostalCode"": ""97003"", ""BillingCountry"": null, ""Phone"": ""503-649-7127"", ""Fax"": ""503-259-9507"", ""mbfc__Email__c"": ""sisters@olpretreat.org"", ""Website"": ""https://www.olpretreat.org/"", ""mbfc__Abbreviation__c"": ""Franciscans"", ""mbfc__Religious_Suffix__c"": ""OSF"", ""mbfc__Type_Members__c"": ""Women"", ""Description"": null, ""Job_Id__c"": 157, ""ParentId"": ""001Ps00000l5LicIAE"", ""Archdpdx_Migration_Id__c"": ""RelCommunities_35""}",True,
1,"{""Name"": ""Holy Spirit Sisters, Portland (ALCS)"", ""RecordTypeId"": ""012Ps000002fU2gIAE"", ""mbfc__Religious_Type__c"": ""Local Community"", ""BillingStreet"": ""2736 NE 54th Ave"", ""BillingCity"": ""Portland"", ""BillingState"": ""OR"", ""BillingPostalCode"": ""97213"", ""BillingCountry"": null, ""Phone"": ""503-239-0328"", ""Fax"": ""503-239-0328"", ""mbfc__Email__c"": null, ""Website"": ""http://www.theholyspiritsisters.org/"", ""mbfc__Abbreviation__c"": ""Holy Spirit Sisters"", ""mbfc__Religious_Suffix__c"": ""ALCS"", ""mbfc__Type_Members__c"": ""Women"", ""Description"": ""Serving at St. Mary of the Valley Infirmary, Maryville Nursing Home, St. Anthony Village Assisted Living Center and the archbishop\u2019s residence https://www.holyspiritsistersalcs.com/"", ""Job_Id__c"": 157, ""ParentId"": ""001Ps00000l5LidIAE"", ""Archdpdx_Migration_Id__c"": ""RelCommunities_36""}",True,
1,"{""Name"": ""Thu Thiem Sisters, Beaverton (LHC)"", ""RecordTypeId"": ""012Ps000002fU2gIAE"", ""mbfc__Religious_Type__c"": ""Local Community"", ""BillingStreet"": ""7361 SW 175th Ter"", ""BillingCity"": ""Beaverton"", ""BillingState"": ""OR"", ""BillingPostalCode"": ""97007"", ""BillingCountry"": null, ""Phone"": ""503-330-5411"", ""Fax"": null, ""mbfc__Email__c"": ""mtgttbeaverton@gmail.com"", ""Website"": null, ""mbfc__Abbreviation__c"": ""Thu Thiem Sisters"", ""mbfc__Religious_Suffix__c"": ""LHC"", ""mbfc__Type_Members__c"": ""Women"", ""Description"": null, ""Job_Id__c"": 157, ""ParentId"": ""001Ps00000l5LieIAE"", ""Archdpdx_Migration_Id__c"": ""RelCommunities_37""}",True,
1,"{""Name"": ""Maryknoll Sisters of St. Dominic, Eugene (MM)"", ""RecordTypeId"": ""012Ps000002fU2gIAE"", ""mbfc__Religious_Type__c"": ""Local Community"", ""BillingStreet"": ""2691 Erin Way"", ""BillingCity"": ""Eugene"", ""BillingState"": ""OR"", ""BillingPostalCode"": ""97408"", ""BillingCountry"": null, ""Phone"": ""541-344-0761"", ""Fax"": null, ""mbfc__Email__c"": null, ""Website"": ""https://www.maryknollsisters.org/"", ""mbfc__Abbreviation__c"": ""Maryknoll Sisters"", ""mbfc__Religious_Suffix__c"": ""MM"", ""mbfc__Type_Members__c"": ""Women"", ""Description"": ""The Maryknoll Sisters do not have a community or formal ministry in the Archdiocese of Portland."", ""Job_Id__c"": 157, ""ParentId"": ""001Ps00000l5LifIAE"", ""Archdpdx_Migration_Id__c"": ""RelCommunities_38""}",True,
1,"{""Name"": ""Missionary Sisters of the Rosary of Fatima, Woodburn (HMRF)"", ""RecordTypeId"": ""012Ps000002fU2gIAE"", ""mbfc__Religious_Type__c"": ""Local Community"", ""BillingStreet"": ""474 Harrison St"", ""BillingCity"": ""Woodburn"", ""BillingState"": ""OR"", ""BillingPostalCode"": ""97071"", ""BillingCountry"": null, ""Phone"": ""503-982-5373"", ""Fax"": null, ""mbfc__Email__c"": ""hmrf@misionerasdefatima.org"", ""Website"": ""https://www.misionerasdefatima.org/"", ""mbfc__Abbreviation__c"": ""Missionaries of the Rosary of Fatima"", ""mbfc__Religious_Suffix__c"": ""HMRF"", ""mbfc__Type_Members__c"": ""Women"", ""Description"": ""Serving Sacred Heart Parish, Medford; St. Joseph and St. Vincent de Paul Parishes, Salem; St. Luke Parish, Woodburn; and Sacred Heart Parish, Gervais; and Our Lady of Perpetual Help Parish, Albany"", ""Job_Id__c"": 157, ""ParentId"": ""001Ps00000l5LigIAE"", ""Archdpdx_Migration_Id__c"": ""RelCommunities_39""}",True,
1,"{""Name"": ""Servants of Mary, Portland (OSM)"", ""RecordTypeId"": ""012Ps000002fU2gIAE"", ""mbfc__Religious_Type__c"": ""Local Community"", ""BillingStreet"": ""3665 NE 122nd Ave"", ""BillingCity"": ""Portland"", ""BillingState"": ""OR"", ""BillingPostalCode"": ""97230"", ""BillingCountry"": null, ""Phone"": ""503-816-0198"", ""Fax"": null, ""mbfc__Email__c"": null, ""Website"": ""https://www.osms.org/"", ""mbfc__Abbreviation__c"": ""Servites"", ""mbfc__Religious_Suffix__c"": ""OSM"", ""mbfc__Type_Members__c"": ""Women"", ""Description"": ""Serving the Northwest Catholic Counseling Center"", ""Job_Id__c"": 157, ""ParentId"": ""001Ps00000l5LihIAE"", ""Archdpdx_Migration_Id__c"": ""RelCommunities_40""}",True,
1,"{""Name"": ""Sisters For Christian Community, Hillsboro (SFCC)"", ""RecordTypeId"": ""012Ps000002fU2gIAE"", ""mbfc__Religious_Type__c"": ""Local Community"", ""BillingStreet"": ""1901 SE Minter Bridge Rd Unit 50"", ""BillingCity"": ""Hillsboro"", ""BillingState"": ""OR"", ""BillingPostalCode"": ""97123"", ""BillingCountry"": null, ""Phone"": ""503-693-1374"", ""Fax"": null, ""mbfc__Email__c"": ""contact@sfccinternational.org"", ""Website"": ""https://www.sfccinternational.org/"", ""mbfc__Abbreviation__c"": ""Sisters For Christian Community"", ""mbfc__Religious_Suffix__c"": ""SFCC"", ""mbfc__Type_Members__c"": ""Women"", ""Description"": null, ""Job_Id__c"": 157, ""ParentId"": ""001Ps00000l5LiiIAE"", ""Archdpdx_Migration_Id__c"": ""RelCommunities_41""}",True,
1,"{""Name"": ""Good Shepherd Sisters, Portland (RGS)"", ""RecordTypeId"": ""012Ps000002fU2gIAE"", ""mbfc__Religious_Type__c"": ""Local Community"", ""BillingStreet"": ""5912 NE 16th Ave"", ""BillingCity"": ""Portland"", ""BillingState"": ""OR"", ""BillingPostalCode"": ""97211"", ""BillingCountry"": null, ""Phone"": ""971-235-2419"", ""Fax"": null, ""mbfc__Email__c"": null, ""Website"": ""https://sistersofthegoodshepherd.com/"", ""mbfc__Abbreviation__c"": ""Good Shepherd Sisters"", ""mbfc__Religious_Suffix__c"": ""RGS"", ""mbfc__Type_Members__c"": ""Women"", ""Description"": null, ""Job_Id__c"": 157, ""ParentId"": ""001Ps00000l5LijIAE"", ""Archdpdx_Migration_Id__c"": ""RelCommunities_43""}",True,
1,"{""Name"": ""Sisters of the Holy Names of Jesus and Mary, Marylhurst (SNJM)"", ""RecordTypeId"": ""012Ps000002fU2gIAE"", ""mbfc__Religious_Type__c"": ""Local Community"", ""BillingStreet"": ""PO Box 398"", ""BillingCity"": ""Marylhurst"", ""BillingState"": ""OR"", ""BillingPostalCode"": ""97306"", ""BillingCountry"": null, ""Phone"": ""503-675-7100"", ""Fax"": ""503-697-3264"", ""mbfc__Email__c"": ""info@snjmuson.org"", ""Website"": ""https://www.snjmusontario.org/"", ""mbfc__Abbreviation__c"": ""Holy Names Sisters"", ""mbfc__Religious_Suffix__c"": ""SNJM"", ""mbfc__Type_Members__c"": ""Women"", ""Description"": ""Serving St. Anthony Parish, Forest Grove; Vlunteer Tutoring Office and Centro Cultural, Hillsboro; Our Lady of the Lake Parish, Lake Oswego; Mary\u2019s Woods, Marylhurst; St. Mary\u2019s Academy, Portland; Holy Cross Area School and Parish, St. Charles Parish, St. Ignatius Parish, Providence St. Vincent Medical Center, Namast\u00e9, Sophia\u2019s Gifts of the Spirit, The Madeleine Parish, all Portland; St. Joseph Parish and School, Salem; Suncrest Center, Talent"", ""Job_Id__c"": 157, ""ParentId"": ""001Ps00000l5LikIAE"", ""Archdpdx_Migration_Id__c"": ""RelCommunities_44""}",True,
1,"{""Name"": ""Sisters of Jesus the Saviour, Gold Beach (SJS)"", ""RecordTypeId"": ""012Ps000002fU2gIAE"", ""mbfc__Religious_Type__c"": ""Local Community"", ""BillingStreet"": ""PO Box 529"", ""BillingCity"": ""Gold Beach"", ""BillingState"": ""OR"", ""BillingPostalCode"": ""97444"", ""BillingCountry"": null, ""Phone"": ""541-469-2313"", ""Fax"": null, ""mbfc__Email__c"": null, ""Website"": null, ""mbfc__Abbreviation__c"": ""Sisters of Jesus the Saviour"", ""mbfc__Religious_Suffix__c"": ""SJS"", ""mbfc__Type_Members__c"": ""Women"", ""Description"": ""Serving Star of the Sea Parish, Brookings; St. Charles Borromeo Mission, Gold Beach"", ""Job_Id__c"": 157, ""ParentId"": ""001Ps00000l5LilIAE"", ""Archdpdx_Migration_Id__c"": ""RelCommunities_45""}",True,
1,"{""Name"": ""Sisters of Mary of Kakamega, Portland (SMK)"", ""RecordTypeId"": ""012Ps000002fU2gIAE"", ""mbfc__Religious_Type__c"": ""Local Community"", ""BillingStreet"": ""84 SW Horton Way"", ""BillingCity"": ""Beaverton"", ""BillingState"": ""OR"", ""BillingPostalCode"": ""97006"", ""BillingCountry"": null, ""Phone"": ""503-439-9443"", ""Fax"": null, ""mbfc__Email__c"": ""smkdapdx@gmail.com"", ""Website"": ""https://sistersofmaryofkakamega.org/"", ""mbfc__Abbreviation__c"": ""Sisters of Mary of Kakamega"", ""mbfc__Religious_Suffix__c"": ""SMK"", ""mbfc__Type_Members__c"": ""Women"", ""Description"": null, ""Job_Id__c"": 157, ""ParentId"": ""001Ps00000l5LimIAE"", ""Archdpdx_Migration_Id__c"": ""RelCommunities_46""}",True,
1,"{""Name"": ""Sisters of Mercy of the Americas, Portland (RSM)"", ""RecordTypeId"": ""012Ps000002fU2gIAE"", ""mbfc__Religious_Type__c"": ""Local Community"", ""BillingStreet"": ""2010 NE 19th Ave"", ""BillingCity"": ""Portland"", ""BillingState"": ""OR"", ""BillingPostalCode"": ""97212"", ""BillingCountry"": null, ""Phone"": ""971-544-7251"", ""Fax"": null, ""mbfc__Email__c"": ""srgeorgita@gmail.com"", ""Website"": ""https://www.mercyworld.org/"", ""mbfc__Abbreviation__c"": ""Sisters of Mercy"", ""mbfc__Religious_Suffix__c"": ""RSM"", ""mbfc__Type_Members__c"": ""Women"", ""Description"": null, ""Job_Id__c"": 157, ""ParentId"": ""001Ps00000l5LinIAE"", ""Archdpdx_Migration_Id__c"": ""RelCommunities_47""}",True,
1,"{""Name"": ""Sisters of Providence, Renton, WA (SP)"", ""RecordTypeId"": ""012Ps000002fU2gIAE"", ""mbfc__Religious_Type__c"": ""Local Community"", ""BillingStreet"": ""1801 Lind Ave SW # 9016"", ""BillingCity"": ""Renton"", ""BillingState"": ""WA"", ""BillingPostalCode"": ""98057"", ""BillingCountry"": null, ""Phone"": ""425-525-3386"", ""Fax"": null, ""mbfc__Email__c"": ""sop.mjprovince@gmail.com"", ""Website"": ""https://sistersofprovidence.net/"", ""mbfc__Abbreviation__c"": ""Sisters of Providence"", ""mbfc__Religious_Suffix__c"": ""SP"", ""mbfc__Type_Members__c"": ""Women"", ""Description"": ""Serving Providence Portland Medical Center and Providence ElderPlace, Portland; Providence Wee Care; Housecall Providers"", ""Job_Id__c"": 157, ""ParentId"": ""001Ps00000l5LioIAE"", ""Archdpdx_Migration_Id__c"": ""RelCommunities_48""}",True,
1,"{""Name"": ""Sisters of Reparation, Portland (SR)"", ""RecordTypeId"": ""012Ps000002fU2gIAE"", ""mbfc__Religious_Type__c"": ""Local Community"", ""BillingStreet"": ""2120 SE 24th Ave"", ""BillingCity"": ""Portland"", ""BillingState"": ""OR"", ""BillingPostalCode"": ""97214"", ""BillingCountry"": null, ""Phone"": ""503-236-4207"", ""Fax"": ""503-236-3400"", ""mbfc__Email__c"": ""repsrs@comcast.net"", ""Website"": ""http://reparationsisters.org/"", ""mbfc__Abbreviation__c"": ""Sisters of Reparation"", ""mbfc__Religious_Suffix__c"": ""SR"", ""mbfc__Type_Members__c"": ""Women"", ""Description"": ""Serving Rose Hall Reparation and Prayer Center; St. Joseph, Vancouver WA; St. Anthony and All Saints Parishes and Ave Maria Chorus, Portland; Healing Ministry, Oregon and Washington; Serenean Ministry; Barnabite Ministry; Reparation Donn\u00e9s (SR Affiliates)"", ""Job_Id__c"": 157, ""ParentId"": ""001Ps00000l5LipIAE"", ""Archdpdx_Migration_Id__c"": ""RelCommunities_49""}",True,
1,"{""Name"": ""Sisters of St. Francis, Lake Oswego (OSF)"", ""RecordTypeId"": ""012Ps000002fU2gIAE"", ""mbfc__Religious_Type__c"": ""Local Community"", ""BillingStreet"": ""843 13th Ave N"", ""BillingCity"": ""Clinton"", ""BillingState"": ""IA"", ""BillingPostalCode"": ""52732"", ""BillingCountry"": null, ""Phone"": ""503-657-0109"", ""Fax"": null, ""mbfc__Email__c"": null, ""Website"": ""http://www.clintonfranciscans.com/"", ""mbfc__Abbreviation__c"": ""Sisters of St. Francis"", ""mbfc__Religious_Suffix__c"": ""OSF"", ""mbfc__Type_Members__c"": ""Women"", ""Description"": ""Serving Our Lady of the Lake Parish, Lake Oswego"", ""Job_Id__c"": 157, ""ParentId"": ""001Ps00000l5LiqIAE"", ""Archdpdx_Migration_Id__c"": ""RelCommunities_50""}",True,
1,"{""Name"": ""Sisters of St. Francis of Philadelphia, Portland (OSF)"", ""RecordTypeId"": ""012Ps000002fU2gIAE"", ""mbfc__Religious_Type__c"": ""Local Community"", ""BillingStreet"": ""609 S Convent Rd"", ""BillingCity"": ""Aston"", ""BillingState"": ""PA"", ""BillingPostalCode"": ""19014"", ""BillingCountry"": null, ""Phone"": ""610-459-4125"", ""Fax"": null, ""mbfc__Email__c"": ""communications@osfphila.org"", ""Website"": ""https://osfphila.org/"", ""mbfc__Abbreviation__c"": ""Sisters of St. Francis of Philadelphia"", ""mbfc__Religious_Suffix__c"": ""OSF"", ""mbfc__Type_Members__c"": ""Women"", ""Description"": ""Serving Ascension Parish, Cathedral of the Immaculate Conception, Holy Redeemer School, Portland; Bethany Convent, Beaverton; CASA, Center for Victims\u2019s Services, Portland Providence Medical Center, Rose Haven; Franciscan Spirituality Center and Christ the King Parish, Milwaukie; Voices Set Free, Hillsboro; and St. Edward Parish, Keizer"", ""Job_Id__c"": 157, ""ParentId"": ""001Ps00000l5LirIAE"", ""Archdpdx_Migration_Id__c"": ""RelCommunities_51""}",True,
1,"{""Name"": ""Sisters of St. Joseph of Peace, Eugene (CSJP)"", ""RecordTypeId"": ""012Ps000002fU2gIAE"", ""mbfc__Religious_Type__c"": ""Local Community"", ""BillingStreet"": ""CSJP Western Region Office\nPO Box 248"", ""BillingCity"": ""Bellevue"", ""BillingState"": ""WA"", ""BillingPostalCode"": ""98009"", ""BillingCountry"": null, ""Phone"": ""425-467-5400"", ""Fax"": ""425-462-9760"", ""mbfc__Email__c"": null, ""Website"": ""https://csjp.org/"", ""mbfc__Abbreviation__c"": ""Sisters of St. Joseph"", ""mbfc__Religious_Suffix__c"": ""CSJP"", ""mbfc__Type_Members__c"": ""Women"", ""Description"": ""Serving Sacred Heart RiverBend Medical Center, Springfield; Sacred Heart University District Medical Center and the Volunteers in Medicine Clinic, Eugene; Peace Harbor Hospital, Florence; Cottage Grove Community Hospital, Cottage Grove"", ""Job_Id__c"": 157, ""ParentId"": ""001Ps00000l5LisIAE"", ""Archdpdx_Migration_Id__c"": ""RelCommunities_52""}",True,
1,"{""Name"": ""Sisters of St. Mary of Oregon, Beaverton (SSMO)"", ""RecordTypeId"": ""012Ps000002fU2gIAE"", ""mbfc__Religious_Type__c"": ""Local Community"", ""BillingStreet"": ""4440 SW 148th Ave"", ""BillingCity"": ""Beaverton"", ""BillingState"": ""OR"", ""BillingPostalCode"": ""97078"", ""BillingCountry"": null, ""Phone"": ""503-644-9181"", ""Fax"": ""503-646-1102"", ""mbfc__Email__c"": ""info@ssmo.org"", ""Website"": ""https://www.ssmo.org/"", ""mbfc__Abbreviation__c"": ""Sisters of St. Mary of Oregon"", ""mbfc__Religious_Suffix__c"": ""SSMO"", ""mbfc__Type_Members__c"": ""Women"", ""Description"": ""Serving Valley Catholic School (early learning through 12th grade and music school) and Maryville and SSMO Ministries Corpl, Beaverton; CYO Office and Providence St. Vincent Medical Center, Portland; St. John the Baptist School, Milwaukie; St. Alexander Parish, Cornelius; St. Francis School, Roy; Bishop Alemany High School, Mission Hills CA"", ""Job_Id__c"": 157, ""ParentId"": ""001Ps00000l5LitIAE"", ""Archdpdx_Migration_Id__c"": ""RelCommunities_53""}",True,
1,"{""Name"": ""Society of Mary, Corvallis (SdM)"", ""RecordTypeId"": ""012Ps000002fU2gIAE"", ""mbfc__Religious_Type__c"": ""Local Community"", ""BillingStreet"": ""540 NW 9th St"", ""BillingCity"": ""Corvallis"", ""BillingState"": ""OR"", ""BillingPostalCode"": ""97330"", ""BillingCountry"": null, ""Phone"": ""541-754-1505"", ""Fax"": null, ""mbfc__Email__c"": ""sister.teresa@socmaria.org"", ""Website"": ""https://www.socmaria.org/home"", ""mbfc__Abbreviation__c"": ""Society of Mary"", ""mbfc__Religious_Suffix__c"": ""SdM"", ""mbfc__Type_Members__c"": ""Women"", ""Description"": ""An Institute of consecrated missionary sisters dedicated to the New Evangelization. United with the St. John Society in their programs. Currently serving in the OSU Newman Center, the PDX Newman Center, St. Mary Parish in Corvallis, St. Michael the Archangel Parish in Portland, and Old River Pastoral Center in West Linn, OR."", ""Job_Id__c"": 157, ""ParentId"": ""001Ps00000l5LiuIAE"", ""Archdpdx_Migration_Id__c"": ""RelCommunities_54""}",True,
1,"{""Name"": ""Society of the Holy Child Jesus, West Linn (SHCJ)"", ""RecordTypeId"": ""012Ps000002fU2gIAE"", ""mbfc__Religious_Type__c"": ""Local Community"", ""BillingStreet"": ""2618 Maria Ct"", ""BillingCity"": ""West Linn"", ""BillingState"": ""OR"", ""BillingPostalCode"": ""97068"", ""BillingCountry"": null, ""Phone"": ""503-577-3619"", ""Fax"": null, ""mbfc__Email__c"": null, ""Website"": ""https://www.shcj.org/"", ""mbfc__Abbreviation__c"": ""Society of the Holy Child Jesus"", ""mbfc__Religious_Suffix__c"": ""SHCJ"", ""mbfc__Type_Members__c"": ""Women"", ""Description"": ""Serving the Native American Rehabilitation Center and Wheatley School/Special Education"", ""Job_Id__c"": 157, ""ParentId"": ""001Ps00000l5LivIAE"", ""Archdpdx_Migration_Id__c"": ""RelCommunities_55""}",True,
1,"{""Name"": ""Sacred Heart Maronite Monastery, Beaverton (MMJMJ)"", ""RecordTypeId"": ""012Ps000002fU2gIAE"", ""mbfc__Religious_Type__c"": ""Local Community"", ""BillingStreet"": ""3880 NW 171st Place"", ""BillingCity"": ""Beaverton"", ""BillingState"": ""OR"", ""BillingPostalCode"": ""97006"", ""BillingCountry"": null, ""Phone"": ""503-690-4425"", ""Fax"": null, ""mbfc__Email__c"": ""maronitemonks@gmail.com"", ""Website"": ""https://www.maronitemonastery.com/"", ""mbfc__Abbreviation__c"": ""Maronite Monks"", ""mbfc__Religious_Suffix__c"": ""MMJMJ"", ""mbfc__Type_Members__c"": ""Men"", ""Description"": ""A contemplative order of Maronite Eastern Catholic Monks."", ""Job_Id__c"": 157, ""ParentId"": null, ""Archdpdx_Migration_Id__c"": ""RelCommunities_56""}",True,
1,"{""Name"": ""Priory of Our Lady of Consolation, Amity (OSsS)"", ""RecordTypeId"": ""012Ps000002fU2gIAE"", ""mbfc__Religious_Type__c"": ""Local Community"", ""BillingStreet"": ""Priory of Our Lady of Consolation\n23300 SW Walker Ln"", ""BillingCity"": ""Amity"", ""BillingState"": ""OR"", ""BillingPostalCode"": ""97101"", ""BillingCountry"": null, ""Phone"": ""503-835-8080"", ""Fax"": ""503-835-9662"", ""mbfc__Email__c"": ""monks@brigittine.org"", ""Website"": ""http://www.brigittine.com/"", ""mbfc__Abbreviation__c"": ""Brigittines"", ""mbfc__Religious_Suffix__c"": ""OSsS"", ""mbfc__Type_Members__c"": ""Men"", ""Description"": ""Canonical status of a Priory \u201cSui Juris\u201d. Brothers dedicated to Prayer and Contemplation. Confectionary."", ""Job_Id__c"": 157, ""ParentId"": ""001Ps00000l5LiwIAE"", ""Archdpdx_Migration_Id__c"": ""RelCommunities_57""}",True,
1,"{""Name"": ""Jesuits West Provincial Office, Portland (SJ)"", ""RecordTypeId"": ""012Ps000002fU2gIAE"", ""mbfc__Religious_Type__c"": ""Local Community"", ""BillingStreet"": ""PO Box 86010"", ""BillingCity"": ""Portland"", ""BillingState"": ""OR"", ""BillingPostalCode"": ""97286"", ""BillingCountry"": null, ""Phone"": ""503-226-6977"", ""Fax"": ""503-228-6741"", ""mbfc__Email__c"": ""uweprovince@jesuits.org"", ""Website"": ""https://www.jesuitswest.org/"", ""mbfc__Abbreviation__c"": ""Jesuits"", ""mbfc__Religious_Suffix__c"": ""SJ"", ""mbfc__Type_Members__c"": ""Men"", ""Description"": null, ""Job_Id__c"": 157, ""ParentId"": ""001Ps00000l5LiIIAU"", ""Archdpdx_Migration_Id__c"": ""RelCommunities_60""}",True,
1,"{""Name"": ""Society of Christ Fathers Province in the US and Canada"", ""RecordTypeId"": ""012Ps000002fU2gIAE"", ""mbfc__Religious_Type__c"": ""Local Community"", ""BillingStreet"": ""Society of Christ\n786 West Sunset Ave"", ""BillingCity"": ""Lombard"", ""BillingState"": ""IL"", ""BillingPostalCode"": ""60148"", ""BillingCountry"": ""POLAND"", ""Phone"": ""630-424-0401"", ""Fax"": null, ""mbfc__Email__c"": null, ""Website"": ""https://tchr.us/en"", ""mbfc__Abbreviation__c"": ""Society of Christ"", ""mbfc__Religious_Suffix__c"": ""SCH"", ""mbfc__Type_Members__c"": ""Men"", ""Description"": ""Missionary priests and brothers serving Polish and Croatian communities outside of Poland to worship God and encourage the cultivation of the patriotic spirit, social life and the Polish culture. Serving St. Stanislaus Parish, Portland."", ""Job_Id__c"": 157, ""ParentId"": ""001Ps00000l5LixIAE"", ""Archdpdx_Migration_Id__c"": ""RelCommunities_61""}",True,
1,"{""Name"": ""Work of Jesus the High Priest, Gresham (OJSS)"", ""RecordTypeId"": ""012Ps000002fU2gIAE"", ""mbfc__Religious_Type__c"": ""Local Community"", ""BillingStreet"": ""OJSS Community\n451 NW 1st St"", ""BillingCity"": ""Gresham"", ""BillingState"": ""OR"", ""BillingPostalCode"": ""97030"", ""BillingCountry"": null, ""Phone"": null, ""Fax"": null, ""mbfc__Email__c"": null, ""Website"": ""https://www.familiemariens.info/html/en/index.html"", ""mbfc__Abbreviation__c"": ""Work of Jesus the High Priest"", ""mbfc__Religious_Suffix__c"": ""OJSS"", ""mbfc__Type_Members__c"": ""Men"", ""Description"": ""Missionary brothers and priests associated with the Family of Mary community. Serving St. Henry Parish, Gresham."", ""Job_Id__c"": 157, ""ParentId"": ""001Ps00000l5LiyIAE"", ""Archdpdx_Migration_Id__c"": ""RelCommunities_62""}",True,
1,"{""Name"": ""Society of the Missionaries of St. Francis Xavier, Portland (SFX)"", ""RecordTypeId"": ""012Ps000002fU2gIAE"", ""mbfc__Religious_Type__c"": ""Local Community"", ""BillingStreet"": null, ""BillingCity"": null, ""BillingState"": null, ""BillingPostalCode"": null, ""BillingCountry"": null, ""Phone"": null, ""Fax"": null, ""mbfc__Email__c"": null, ""Website"": null, ""mbfc__Abbreviation__c"": ""Society of the Missionaries of St. Francis Xavier"", ""mbfc__Religious_Suffix__c"": ""SFX"", ""mbfc__Type_Members__c"": ""Men"", ""Description"": null, ""Job_Id__c"": 157, ""ParentId"": ""001Ps00000l5LizIAE"", ""Archdpdx_Migration_Id__c"": ""RelCommunities_63""}",True,
1,"{""Name"": ""Heralds of the Good News, Portland (HGN)"", ""RecordTypeId"": ""012Ps000002fU2gIAE"", ""mbfc__Religious_Type__c"": ""Local Community"", ""BillingStreet"": ""c/o Chancellor\n2838 E Burnside St"", ""BillingCity"": ""Portland"", ""BillingState"": ""OR"", ""BillingPostalCode"": ""97214"", ""BillingCountry"": null, ""Phone"": ""503-233-8322"", ""Fax"": null, ""mbfc__Email__c"": ""vschueler@archdpdx.org"", ""Website"": null, ""mbfc__Abbreviation__c"": ""Heralds of the Good News"", ""mbfc__Religious_Suffix__c"": ""HGN"", ""mbfc__Type_Members__c"": ""Men"", ""Description"": null, ""Job_Id__c"": 157, ""ParentId"": ""001Ps00000l5Lj0IAE"", ""Archdpdx_Migration_Id__c"": ""RelCommunities_64""}",True,
1,"{""Name"": ""Missionary Oblates of Mary Immaculate, Rome, ITALY (OMI)"", ""RecordTypeId"": ""012Ps000002fU2gIAE"", ""mbfc__Religious_Type__c"": ""Local Community"", ""BillingStreet"": ""Missionary Oblates of Mary Immaculate\nVia Aurelia 290"", ""BillingCity"": ""Roma"", ""BillingState"": null, ""BillingPostalCode"": ""165"", ""BillingCountry"": ""ITALY"", ""Phone"": null, ""Fax"": null, ""mbfc__Email__c"": null, ""Website"": null, ""mbfc__Abbreviation__c"": ""Oblates of Mary Immaculate"", ""mbfc__Religious_Suffix__c"": ""OMI"", ""mbfc__Type_Members__c"": ""Men"", ""Description"": null, ""Job_Id__c"": 157, ""ParentId"": ""001Ps00000l5Lj1IAE"", ""Archdpdx_Migration_Id__c"": ""RelCommunities_65""}",True,
1,"{""Name"": ""Order of Friars Minor, Capuchins, Portland (OFM Cap)"", ""RecordTypeId"": ""012Ps000002fU2gIAE"", ""mbfc__Religious_Type__c"": ""Local Community"", ""BillingStreet"": null, ""BillingCity"": null, ""BillingState"": null, ""BillingPostalCode"": null, ""BillingCountry"": null, ""Phone"": null, ""Fax"": null, ""mbfc__Email__c"": null, ""Website"": null, ""mbfc__Abbreviation__c"": ""Capuchins"", ""mbfc__Religious_Suffix__c"": ""OFM Cap"", ""mbfc__Type_Members__c"": ""Men"", ""Description"": null, ""Job_Id__c"": 157, ""ParentId"": ""001Ps00000l5Lj2IAE"", ""Archdpdx_Migration_Id__c"": ""RelCommunities_66""}",True,
1,"{""Name"": ""Order of Friars Minor, Conventual, Portland (OFM Conv)"", ""RecordTypeId"": ""012Ps000002fU2gIAE"", ""mbfc__Religious_Type__c"": ""Local Community"", ""BillingStreet"": null, ""BillingCity"": null, ""BillingState"": null, ""BillingPostalCode"": null, ""BillingCountry"": null, ""Phone"": null, ""Fax"": null, ""mbfc__Email__c"": null, ""Website"": null, ""mbfc__Abbreviation__c"": ""Franciscans, Conventual"", ""mbfc__Religious_Suffix__c"": ""OFM Conv"", ""mbfc__Type_Members__c"": ""Men"", ""Description"": null, ""Job_Id__c"": 157, ""ParentId"": ""001Ps00000l5Lj3IAE"", ""Archdpdx_Migration_Id__c"": ""RelCommunities_67""}",True,
1,"{""Name"": ""Paulist Fathers, New York, NY (CSP)"", ""RecordTypeId"": ""012Ps000002fU2gIAE"", ""mbfc__Religious_Type__c"": ""Local Community"", ""BillingStreet"": null, ""BillingCity"": null, ""BillingState"": null, ""BillingPostalCode"": null, ""BillingCountry"": null, ""Phone"": null, ""Fax"": null, ""mbfc__Email__c"": null, ""Website"": null, ""mbfc__Abbreviation__c"": ""Paulists"", ""mbfc__Religious_Suffix__c"": ""CSP"", ""mbfc__Type_Members__c"": ""Men"", ""Description"": null, ""Job_Id__c"": 157, ""ParentId"": ""001Ps00000l5Lj4IAE"", ""Archdpdx_Migration_Id__c"": ""RelCommunities_68""}",True,
1,"{""Name"": ""Redemptorists, Rome, Italy (CSsR)"", ""RecordTypeId"": ""012Ps000002fU2gIAE"", ""mbfc__Religious_Type__c"": ""Local Community"", ""BillingStreet"": null, ""BillingCity"": null, ""BillingState"": null, ""BillingPostalCode"": null, ""BillingCountry"": null, ""Phone"": null, ""Fax"": null, ""mbfc__Email__c"": null, ""Website"": null, ""mbfc__Abbreviation__c"": ""Redemptorists"", ""mbfc__Religious_Suffix__c"": ""CSsR"", ""mbfc__Type_Members__c"": ""Men"", ""Description"": null, ""Job_Id__c"": 157, ""ParentId"": ""001Ps00000l5Lj5IAE"", ""Archdpdx_Migration_Id__c"": ""RelCommunities_69""}",True,
1,"{""Name"": ""Oblates of the Virgin Mary, Boston, MA (OMV)"", ""RecordTypeId"": ""012Ps000002fU2gIAE"", ""mbfc__Religious_Type__c"": ""Local Community"", ""BillingStreet"": ""2 Ipswich Street"", ""BillingCity"": ""Boston"", ""BillingState"": ""MA"", ""BillingPostalCode"": ""2215"", ""BillingCountry"": null, ""Phone"": ""617-536-4141"", ""Fax"": null, ""mbfc__Email__c"": ""office@omvusa.org"", ""Website"": ""https://www.omvusa.org/"", ""mbfc__Abbreviation__c"": ""Oblates of the Virgin Mary"", ""mbfc__Religious_Suffix__c"": ""OMV"", ""mbfc__Type_Members__c"": ""Men"", ""Description"": null, ""Job_Id__c"": 157, ""ParentId"": ""001Ps00000l5Lj6IAE"", ""Archdpdx_Migration_Id__c"": ""RelCommunities_71""}",True,
1,"{""Name"": ""Salesians of Don Bosco, Rome, Italy (SDB)"", ""RecordTypeId"": ""012Ps000002fU2gIAE"", ""mbfc__Religious_Type__c"": ""Local Community"", ""BillingStreet"": null, ""BillingCity"": null, ""BillingState"": null, ""BillingPostalCode"": null, ""BillingCountry"": null, ""Phone"": null, ""Fax"": null, ""mbfc__Email__c"": null, ""Website"": ""https://www.sdb.org/en"", ""mbfc__Abbreviation__c"": ""Society of Saint Francis de Sales"", ""mbfc__Religious_Suffix__c"": ""SDB"", ""mbfc__Type_Members__c"": ""Men"", ""Description"": null, ""Job_Id__c"": 157, ""ParentId"": ""001Ps00000l5Lj7IAE"", ""Archdpdx_Migration_Id__c"": ""RelCommunities_72""}",True,
1,"{""Name"": ""Brothers of Saint John, Laredo, TX (CSJ)"", ""RecordTypeId"": ""012Ps000002fU2gIAE"", ""mbfc__Religious_Type__c"": ""Local Community"", ""BillingStreet"": ""St. John Priory\n505 Century Dr S"", ""BillingCity"": ""Laredo"", ""BillingState"": ""TX"", ""BillingPostalCode"": ""78046"", ""BillingCountry"": null, ""Phone"": ""956-285-3784"", ""Fax"": null, ""mbfc__Email__c"": ""br.jmp@stjean.com"", ""Website"": ""https://csjohn.org/"", ""mbfc__Abbreviation__c"": ""Brothers of Saint John"", ""mbfc__Religious_Suffix__c"": ""CSJ"", ""mbfc__Type_Members__c"": ""Men"", ""Description"": null, ""Job_Id__c"": 157, ""ParentId"": ""001Ps00000l5Lj8IAE"", ""Archdpdx_Migration_Id__c"": ""RelCommunities_73""}",True,
1,"{""Name"": ""Society of Mary, Washington, DC (SM)"", ""RecordTypeId"": ""012Ps000002fU2gIAE"", ""mbfc__Religious_Type__c"": ""Local Community"", ""BillingStreet"": ""Society of Mary, USA Province\n815 Varnum St NE"", ""BillingCity"": ""Washington"", ""BillingState"": ""DC"", ""BillingPostalCode"": ""20017"", ""BillingCountry"": null, ""Phone"": ""202-529-2821"", ""Fax"": null, ""mbfc__Email__c"": null, ""Website"": ""https://www.societyofmaryusa.org/"", ""mbfc__Abbreviation__c"": ""Marists"", ""mbfc__Religious_Suffix__c"": ""SM"", ""mbfc__Type_Members__c"": ""Men"", ""Description"": null, ""Job_Id__c"": 157, ""ParentId"": ""001Ps00000l5Lj9IAE"", ""Archdpdx_Migration_Id__c"": ""RelCommunities_74""}",True,
1,"{""Name"": ""Priestly Fraternity of the Missionaries of St. Charles Borromeo"", ""RecordTypeId"": ""012Ps000002fU2gIAE"", ""mbfc__Religious_Type__c"": ""Local Community"", ""BillingStreet"": null, ""BillingCity"": null, ""BillingState"": null, ""BillingPostalCode"": null, ""BillingCountry"": null, ""Phone"": null, ""Fax"": null, ""mbfc__Email__c"": null, ""Website"": ""sancarlo.org"", ""mbfc__Abbreviation__c"": ""Fraternity of St. Charles"", ""mbfc__Religious_Suffix__c"": ""FSCB"", ""mbfc__Type_Members__c"": ""Men"", ""Description"": null, ""Job_Id__c"": 157, ""ParentId"": ""001Ps00000l5LjAIAU"", ""Archdpdx_Migration_Id__c"": ""RelCommunities_75""}",True,
1,"{""Name"": ""Sons of Mary, Mother of Mercy, Umuahia, Nigeria (SMMM)"", ""RecordTypeId"": ""012Ps000002fU2gIAE"", ""mbfc__Religious_Type__c"": ""Local Community"", ""BillingStreet"": null, ""BillingCity"": null, ""BillingState"": null, ""BillingPostalCode"": null, ""BillingCountry"": null, ""Phone"": null, ""Fax"": null, ""mbfc__Email__c"": null, ""Website"": ""smmmgeneralate@gmail.com"", ""mbfc__Abbreviation__c"": ""Sons of Mary, Mother of Mercy"", ""mbfc__Religious_Suffix__c"": ""SMMM"", ""mbfc__Type_Members__c"": ""Men"", ""Description"": null, ""Job_Id__c"": 157, ""ParentId"": ""001Ps00000l5LjBIAU"", ""Archdpdx_Migration_Id__c"": ""RelCommunities_76""}",True,
1,"{""Name"": ""Society of the Divine Word, Techny, IL (SVD)"", ""RecordTypeId"": ""012Ps000002fU2gIAE"", ""mbfc__Religious_Type__c"": ""Local Community"", ""BillingStreet"": ""Society of the Divine Word, Chicago Province"", ""BillingCity"": null, ""BillingState"": null, ""BillingPostalCode"": null, ""BillingCountry"": null, ""Phone"": null, ""Fax"": null, ""mbfc__Email__c"": null, ""Website"": ""https://www.divineword.org/"", ""mbfc__Abbreviation__c"": ""Society of the Divine Word"", ""mbfc__Religious_Suffix__c"": ""SVD"", ""mbfc__Type_Members__c"": ""Men"", ""Description"": null, ""Job_Id__c"": 157, ""ParentId"": ""001Ps00000l5LjCIAU"", ""Archdpdx_Migration_Id__c"": ""RelCommunities_77""}",True,
1,"{""Name"": ""Society of the Divine Saviour, Rome, Italy (SDS)"", ""RecordTypeId"": ""012Ps000002fU2gIAE"", ""mbfc__Religious_Type__c"": ""Local Community"", ""BillingStreet"": ""Via della Conciliazione, 51"", ""BillingCity"": ""Roma"", ""BillingState"": null, ""BillingPostalCode"": ""I-00193"", ""BillingCountry"": ""ITALY"", ""Phone"": ""+39 06 686 291"", ""Fax"": null, ""mbfc__Email__c"": null, ""Website"": ""http://www.sds.org/"", ""mbfc__Abbreviation__c"": ""Society of the Divine Saviour"", ""mbfc__Religious_Suffix__c"": ""SDS"", ""mbfc__Type_Members__c"": ""Men"", ""Description"": null, ""Job_Id__c"": 157, ""ParentId"": ""001Ps00000l5LjDIAU"", ""Archdpdx_Migration_Id__c"": ""RelCommunities_78""}",True,
1,"{""Name"": ""Society of Our Lady of the Most Holy Trinity, Corpus Christi, TX "", ""RecordTypeId"": ""012Ps000002fU2gIAE"", ""mbfc__Religious_Type__c"": ""Local Community"", ""BillingStreet"": ""PO Box 4116"", ""BillingCity"": ""Corpus Christi"", ""BillingState"": ""TX"", ""BillingPostalCode"": ""78469"", ""BillingCountry"": null, ""Phone"": null, ""Fax"": null, ""mbfc__Email__c"": null, ""Website"": ""https://solt.net/"", ""mbfc__Abbreviation__c"": ""Society of Our Lady of the Most Holy Trinity"", ""mbfc__Religious_Suffix__c"": ""SOLT"", ""mbfc__Type_Members__c"": ""Men"", ""Description"": null, ""Job_Id__c"": 157, ""ParentId"": ""001Ps00000l5LjEIAU"", ""Archdpdx_Migration_Id__c"": ""RelCommunities_79""}",True,
1,"{""Name"": ""Community of St. Thomas More, Eugene (OP)"", ""RecordTypeId"": ""012Ps000002fU2gIAE"", ""mbfc__Religious_Type__c"": ""Local Community"", ""BillingStreet"": ""1386 E 18th Ave"", ""BillingCity"": ""Eugene"", ""BillingState"": ""OR"", ""BillingPostalCode"": ""97403"", ""BillingCountry"": null, ""Phone"": ""541-343-0065"", ""Fax"": ""541-686-8028"", ""mbfc__Email__c"": null, ""Website"": ""uonewman.org"", ""mbfc__Abbreviation__c"": ""Dominicans"", ""mbfc__Religious_Suffix__c"": ""OP"", ""mbfc__Type_Members__c"": ""Men"", ""Description"": ""Serving St. Thomas More Parish and Newman Center, University of Oregon"", ""Job_Id__c"": 157, ""ParentId"": ""001Ps00000l5LiSIAU"", ""Archdpdx_Migration_Id__c"": ""RelCommunities_80""}",True,
1,"{""Name"": ""Saint Benedict Lodge, McKenzie Bridge (OP)"", ""RecordTypeId"": ""012Ps000002fU2gIAE"", ""mbfc__Religious_Type__c"": ""Local Community"", ""BillingStreet"": ""56630 N Bank Rd"", ""BillingCity"": ""McKenzie Bridge"", ""BillingState"": ""OR"", ""BillingPostalCode"": ""97413"", ""BillingCountry"": null, ""Phone"": ""541-822-3572"", ""Fax"": null, ""mbfc__Email__c"": ""sblodge@opwest.org"", ""Website"": ""sblodge.opwest.org"", ""mbfc__Abbreviation__c"": ""Dominicans"", ""mbfc__Religious_Suffix__c"": ""OP"", ""mbfc__Type_Members__c"": ""Men"", ""Description"": ""Retreat and Conference Center"", ""Job_Id__c"": 157, ""ParentId"": ""001Ps00000l5LiSIAU"", ""Archdpdx_Migration_Id__c"": ""RelCommunities_81""}",True,
1,"{""Name"": ""St. Sharbel Maronite Church, Portland (MMJMJ)"", ""RecordTypeId"": ""012Ps000002fU2gIAE"", ""mbfc__Religious_Type__c"": ""Local Community"", ""BillingStreet"": ""St. Sharbel Maronite Catholic Church\n1804 SE 16th Ave"", ""BillingCity"": ""Portland"", ""BillingState"": ""OR"", ""BillingPostalCode"": ""97214"", ""BillingCountry"": null, ""Phone"": ""503-231-3853"", ""Fax"": null, ""mbfc__Email__c"": ""stsharbelpdx@gmail.com"", ""Website"": ""htt;://stsharbel.org/"", ""mbfc__Abbreviation__c"": ""Maronite Monks"", ""mbfc__Religious_Suffix__c"": ""MMJMJ"", ""mbfc__Type_Members__c"": ""Men"", ""Description"": ""Ministerial Maronite Priests"", ""Job_Id__c"": 157, ""ParentId"": null, ""Archdpdx_Migration_Id__c"": ""RelCommunities_82""}",True,
